feature,importance
age,0.9419471564228417
density,0.024315354124896223
watersqkm,0.009812121955338407
population,0.008624278318962194
gender,0.008108027972877787
landsqkm,0.007193061205083633
