feature,importance
age,0.7514392057426263
density,0.12001007463755248
landsqkm,0.05941924295059513
gender,0.027061420216271545
watersqkm,0.023831469644029636
population,0.018238586808924935
