feature,importance
age,0.8143304416554311
land_area,0.05695079227216069
gender,0.04290696202425399
density,0.04239147935388164
water_area,0.025718444667894115
population,0.017701880026378375
