feature,importance
age,0.6750172614953208
landsqkm,0.16751383526443156
density,0.06772854870143742
population,0.031847756408529486
watersqkm,0.030605480442826485
gender,0.02728711768745432
