feature,importance
age,0.8631776687027113
landsqkm,0.048912436408619045
gender,0.038690787415989636
density,0.0194393661033627
population,0.015976671835653922
watersqkm,0.013803069533663484
