feature,importance
age,0.8051535486980494
watersqkm,0.062347671242414894
gender,0.055711589948170125
landsqkm,0.04639283457105674
population,0.021834527195016246
density,0.008559828345292514
