feature,importance
age,0.7042935616811511
density,0.17115328827350776
watersqkm,0.05668022193090279
landsqkm,0.028198126603126056
gender,0.027733275139654335
population,0.011941526371657964
