feature,importance
age,0.7788475579704618
density,0.0954677122547949
landsqkm,0.042479313489235906
gender,0.038000106093313425
watersqkm,0.03567564665734734
population,0.009529663534846626
