feature,importance
age,0.8955593990852434
density,0.0293578761949297
population,0.02717882285686959
watersqkm,0.021256268364102188
gender,0.018087077628757522
landsqkm,0.00856055587009758
