feature,importance
age,0.726310990158314
watersqkm,0.10266315219386381
density,0.0567674552347963
gender,0.05103486545185145
landsqkm,0.036710998109589374
population,0.026512538851585107
